1364774820.0,93.25,93.3,93.25,93.3,93.3
1364774880.0,100,100,100,100,93.3
1364774940.0,93.3,93.3,93.3,93.3,33.67686227
1364775060.0,93.35,93.47,93.35,93.47,20
1364775120.0,93.47,93.47,93.47,93.47,2.02162704
1364775180.0,93.03001,93.03001,93.03,93.03,4.9854
1364775960.0,93.04399,93.04399,93.04399,93.04399,12.68950068
1364776080.0,93.34999,93.35,93.34999,93.35,5
1364776500.0,93.19999,93.35,93.19999,93.35,40
1364777580.0,93.25,93.3,93.25,93.3,18.3
1364777640.0,93.1,93.1,93.1,93.1,22.31049932
1364778000.0,93.37999,93.37999,93.37999,93.37999,0.13540256
1364778360.0,93.38001,93.38001,93.37999,93.37999,3.40909091
1364778420.0,93.37999,93.37999,93.37999,93.37999,5.10909076
1364778660.0,93.48001,93.48001,93.37999,93.37999,3.98273394
1364778720.0,93.48001,93.48797,93.2,93.48797,9.81440658
1364778780.0,93.48797,93.48797,93.48797,93.48797,1.05988303
1364779380.0,93.4847,93.4847,93.4847,93.4847,16.06
1364779680.0,93.40001,93.40001,93.40001,93.40001,3.4
1364780160.0,93.10001,93.10001,93.1,93.1,2.27272727
1364781900.0,93.17,93.17,93.17,93.17,0.6276
1364782080.0,93.16999,93.29,93.16999,93.29,10
1364783220.0,93.10999,93.10999,93.10999,93.10999,0.43382
1364783760.0,93.24,93.24,93.24,93.24,1.25
1364783880.0,93.478,93.5,93.478,93.5,200
1364784000.0,93.5,93.5,93.5,93.5,200
1364784060.0,93.5,93.5,93.5,93.5,30
1364784180.0,93.53001,94,93.53001,93.64,12
1364784240.0,93.64,93.64,93.64,93.64,10
1364784720.0,93.74,93.74,93.74,93.74,2
1364785260.0,93.8,93.8,93.8,93.8,3
1364786040.0,92.49999,92.5,92.49999,92.5,73.31618
1364786100.0,92.5,92.5,92.5,92.5,5
1364787480.0,92.70002,92.70002,92.70002,92.70002,15
1364790600.0,93.15501,93.15503,93.15501,93.15503,5
1364793300.0,93.7,93.7,93.7,93.7,10.09
1364793360.0,93.7,93.7,93.7,93.7,5
1364793780.0,93.765,93.78661,93.765,93.78661,0.60854451
1364793840.0,93.789,93.79,93.789,93.79,6.39145549
1364797380.0,94.06751,94.06751,94.06751,94.06751,10
1364797440.0,94,94,94,94,15
1364799180.0,94.00001,94.00001,94,94,8
1364799300.0,94.00001,94.00001,94.00001,94.00001,0.9
1364799360.0,94.48,94.48,94.48,94.48,50
1364799420.0,94.00001,94.00001,94.00001,94.00001,0.1
1364803740.0,93.55,93.55,93.55,93.55,1.70287067
1364805000.0,93.55001,93.55001,93.55001,93.55001,2
1364806320.0,94,94,94,94,0.1045
1364807520.0,94.22999,94.23,94.22999,94.23,1.97
1364810700.0,94.39986,94.48,94,94,20.62590909
1364810760.0,94,94,94,94,1.70454546
1364810820.0,94.48,95,94.48,95,57.08
1364810880.0,95,95,95,95,5
1364811240.0,94.59998,95,94.59998,95,21.32
1364811360.0,95,95,95,95,18.15
1364811420.0,95,95,95,95,36.28
1364811480.0,94.60998,95,94.60998,95,18.14
1364811660.0,94.59999,95,94.59999,95,14.23
1364811720.0,95,95,95,95,12
1364811780.0,95,95,95,95,12.03
1364811900.0,95,95,95,95,10.47
1364812140.0,94.15,95,94.15,95,1.52
1364815980.0,94.05,94.05,94.05,94.05,5
1364816160.0,94,94,94,94,5
1364816460.0,94.98,94.98,94.98,94.98,5
1364816700.0,94.98,94.98,94.98,94.98,14.92
1364816820.0,94.98,94.98,94.98,94.98,10
1364816880.0,94.98,94.98,94.98,94.98,48.87
1364817000.0,94.98,95.5,94.98,95.2,109.53924701
1364817300.0,95.89999,95.9898,95.89999,95.9898,8.6344208
1364817360.0,95.99,96,95.5,95.5,33.13797037
1364817540.0,96,96,96,96,10
1364817960.0,96.675,96.675,96.675,96.675,12
1364818080.0,98,98,98,98,40
1364818140.0,97.97,98.1,97.97,98.1,10
1364818320.0,98,98,98,98,3
1364818440.0,98,98,98,98,12
1364818560.0,97.75112,97.75112,97.75112,97.75112,3.93451264
1364818800.0,97.5,97.5,97.5,97.5,8.93451264
1364818920.0,97.5,97.5,97.5,97.5,40
1364818980.0,95.98264,95.98264,95.98264,95.98264,20.1581164
1364819040.0,96.79997,96.79997,96.79997,96.79997,5.407
1364819100.0,96.999,97,96.99797,97,14.92742328
1364819220.0,97.39,97.48,97.39,97.48,3.50746032
1364819700.0,97.7,97.8154,97.7,97.8154,13
1364819940.0,97.999,98.01906,97.999,98.01906,0.66508458
1364820060.0,98.3965,98.41,98.3965,98.41,4.53866241
1364820300.0,97.7,97.7,97.7,97.7,0.2
1364820360.0,97.7,97.7,97.7,97.7,0.4
1364820660.0,98,98,98,98,5.20374699
1364820840.0,97,97,97,97,0.94
1364821140.0,98.5,98.5,98.5,98.5,20
1364821680.0,97.4,97.4,97.4,97.4,1.2
1364822820.0,98.5,98.5,98.5,98.5,19.4
1364822940.0,98.55001,98.5626,98.55001,98.5626,6.6
1364823060.0,98.55,98.55,98.55,98.55,0.3
1364823240.0,98.5,98.8,98.5,98.8,25
1364823300.0,98.8,98.8,98.8,98.8,3
1364823960.0,99,99,99,99,18
1364824380.0,99.01,99.01,99.01,99.01,6
1364824680.0,99.9,99.9,99.9,99.9,3.5
1364825100.0,99.62055,99.62055,99.62054,99.62054,2.00485986
1364825220.0,99.007,99.007,99.00001,99.00001,10
1364825280.0,99.5,99.5,99.5,99.5,2.00485986
1364825340.0,99.5,99.5,99.5,99.5,4
1364825880.0,100,100,100,100,15
1364825940.0,100.98,100.98,99.99,99.99,3.86993281
1364826180.0,100.875,100.875,100.875,100.875,0.1
1364826300.0,100.775,100.775,100.3,100.3,12.59198742
1364826360.0,101,101,100.2001,100.98001,16.03680172
1364826480.0,101.01,101.02,101.01,101.02,0.1
1364826600.0,101.45,101.45,101.45,101.45,2
1364826660.0,101.75,101.7877,101.75,101.7877,5.46355665
1364826780.0,101.51,101.51,101.51,101.51,0.32285309
1364826840.0,101.55,101.55,101,101.51,0.75073182
1364826900.0,101.75,101.75,101.75,101.75,0.63382074
1364827020.0,102.05,102.05,102.05,102.05,2.73
1364827080.0,101.74999,101.74999,101.74999,101.74999,0.05009716
1364827140.0,102.1,102.1,102.1,102.1,0.18081068
1364827380.0,102.47,102.47,102.47,102.47,0.32
1364827440.0,102,102.4,102,102.4,3.40626616
1364827500.0,102.6,102.6,102.6,102.6,3
1364827800.0,103.5,103.5,103.5,103.5,2.06409166
1364827860.0,103,103.9,103,103.9,49.9
1364827920.0,104.0804,104.23,104.0804,104.23,9
1364827980.0,104.9,105,104,104.6,401
1364828040.0,104.6,104.6,104.6,104.6,9
1364828100.0,104.59999,104.6,104.59999,104.6,23.66
1364828160.0,104,104,100,103.51991,26.147
1364828220.0,103.51991,104,103.51991,103.6,45.0768085
1364828280.0,103.5,103.5,103.5,103.5,0.5
1364828400.0,105.9,105.9,105.9,105.9,2
1364828460.0,104.4,104.4,104.4,104.4,14.16
1364828520.0,104.4,105,103.51,104.4,29.15
1364828580.0,105.175,105.175,105.175,105.175,0.1
1364828640.0,105.125,105.125,105.04,105.04,0.8937
1364828820.0,103.00999,103.00999,103,103,20
1364828880.0,103,103.5199,102.6,102.6,50.98
1364828940.0,102.77393,102.77393,102.555,102.555,0.1
1364829060.0,100.2598,100.2598,100.01,100.01,10
1364829180.0,100,100,100,100,25
1364829300.0,100.80601,100.80601,100.80601,100.80601,0.00282526
1364829420.0,100.9,100.9,100.00999,100.00999,41.56316
1364829480.0,100.9,100.9,99.4,99.4,230
1364829540.0,100.00999,100.81,96.3,96.3,43.80383
1364829660.0,100.5,100.5,100.5,100.5,3
1364829840.0,100.28,100.28,100.1,100.1,5
1364829960.0,100.01,100.01,100,100,3.91849965
1364830020.0,99.4,99.77876,98.95,98.95,306.75836732
1364830080.0,98.934,100,98.70342,100,187.89569093
1364830140.0,98.70342,98.8,98.70342,98.8,3.2476207
1364830200.0,99,99,99,99,3
1364830260.0,99,99,99,99,14
1364830320.0,98.9,99,98.9,99,10
1364830440.0,99.00001,99.00001,99.00001,99.00001,1
1364830500.0,99,99.00001,99,99.00001,140
1364830560.0,99,99,99,99,14
1364830620.0,99,99,99,99,1.5
1364830680.0,100.01,101,100.01,100.9,71.37
1364830800.0,100.33511,101,100.33511,100.99999,18.33776224
1364830920.0,101.99,102,101.99,101.99,20.00996795
1364830980.0,102,102.7,102,102.7,21.38558058
1364831040.0,102.7,102.7,102,102,11.46445147
1364831340.0,101.9,101.9,101.9,101.9,4
1364831400.0,101.9,101.9,101.9,101.9,1
1364831640.0,102.39,102.44,102.39,102.44,50
1364831880.0,102.2,102.21505,102.2,102.2,120
1364832120.0,103.29,103.29,103.29,103.29,4.2
1364832240.0,103.3,103.3,103.3,103.3,1.48544888
1364832360.0,103.45851,103.93,103.45851,103.93,20
1364832480.0,103.98997,103.98997,103.93,103.93,6.97386763
1364832540.0,103.99,104,103.93,104,227.6801843
1364832600.0,104,104,104,104,0.05670257
1364832660.0,104,104.29999,104,104.29999,25
1364832720.0,104.5,104.5,104.3,104.3,10
1364832840.0,104.39991,104.45,104.39991,104.44,1.39322555
1364832900.0,104.45,104.45,104.39991,104.44,21.39322555
1364833020.0,103.98,104.45,103.98,104.45,22.05677445
1364833080.0,103.98101,104,103.98101,104,5.5
1364833260.0,103.32,103.32,103.31999,103.31999,10
1364833740.0,103.2,103.20001,103.2,103.2,25
1364833800.0,103.02,103.02,103,103,10
1364834220.0,103.02,103.02,103.02,103.02,12
1364834520.0,103.02,103.28999,103.02,103.28999,8.39701976
1364834760.0,103.01,103.01,103.01,103.01,10
1364834820.0,103.03,103.03,103.03,103.03,15
1364834880.0,103.2,103.3,103.19999,103.19999,41.97530756
1364834940.0,103.29999,103.29999,103.29999,103.29999,0.17769745
1364835000.0,103.19998,103.19998,103.19998,103.19998,0.40123892
1364835060.0,103.29998,103.29998,103.29998,103.29998,0.22980559
1364835180.0,103.03,103.03,103.03,103.03,1.13636364
1364835240.0,103.03,103.03,103,103,10.86
1364835300.0,103.03,103.03,103,103,20
1364835480.0,102.58799,102.58799,102.1,102.1,52.29701976
1364835600.0,102.2,102.43262,102.2,102.43262,1.793084
1364835660.0,102.87899,102.87899,102.87899,102.87899,0.04076566
1364835960.0,102.14764,102.14764,102.01002,102.01002,3.7975
1364836020.0,102,102,102,102,1
1364836560.0,102.20215,102.20215,102.20215,102.20215,2
1364836620.0,102.20215,102.20215,102.20215,102.20215,2
1364837040.0,103,103,103,103,17.39663098
1364837100.0,103,103,103,103,8.69831549
1364837160.0,103.17999,103.17999,103.17999,103.17999,3
1364837220.0,103.17999,103.17999,103.17999,103.17999,0.29
1364837400.0,102.99999,102.99999,102.99999,102.99999,0.04476497
1364837580.0,102.98999,102.98999,102.98999,102.98999,0.04476498
1364837640.0,102.9999,102.9999,102.9999,102.9999,3
1364839620.0,102.49998,102.49998,102.49998,102.49998,5
1364839740.0,102.49999,102.49999,102.49999,102.49999,3
1364843040.0,103.458,103.458,103.458,103.458,16.69
1364843100.0,103.458,103.45901,103.458,103.45901,19.5362
1364843460.0,103.05557,103.05557,103.05557,103.05557,40
1364843760.0,102.11099,102.11099,102.11099,102.11099,26.38198488
1364844000.0,102.5,102.5,102.5,102.5,17.78044122
1364844060.0,102.5,102.5,102.5,102.5,1
1364844120.0,102.5,102.5,102.5,102.5,4
1364844540.0,103.62998,103.62998,103.62998,103.62998,1.6975739
1364846340.0,103.899,104.4,103.899,104,100
1364850180.0,103.93,104.4,103.93,103.99998,70
1364850300.0,104.49,104.49,104.49,104.49,1
1364851020.0,103.5,103.5,103.1,103.1,38.33776224
1364852040.0,104.5,104.5,104.5,104.5,50
1364853540.0,104.30001,104.30001,104.01,104.01,15
1364855340.0,105.5,105.5,105.5,105.5,10
1364855640.0,105,105,105,105,12
1364857020.0,105,105,105,105,26.21036503
1364858340.0,103,103,103,103,70
1364859360.0,102.23099,102.23099,102.23099,102.23099,3.53616
1364859420.0,103.19696,103.5,103.19696,103.5,40
1364859540.0,102.99999,103.7025,102.99999,103.7025,50
1364859600.0,103.22979,103.22979,102.53,102.53,5.816
1364860500.0,103.00007,103.00007,103.00007,103.00007,5.4
1364860620.0,103.49951,103.49951,103.49951,103.49951,3.14837676
1364860680.0,103.83018,103.999,103.83018,103.999,2.2
1364860980.0,104,104,104,104,3.1332255
1364861520.0,103.99001,104.01871,103.99001,103.99001,2.88547901
1364863140.0,103.5,103.5,103.5,103.5,0.8
1364863380.0,103.00001,103.00001,103,103,20
1364864160.0,103.24871,103.24871,103.24871,103.24871,13.5
1364864400.0,102.89999,102.89999,102.89999,102.89999,0.03283929
1364864460.0,102.89999,102.89999,102.89999,102.89999,0.03283929
1364864580.0,102.53,102.53,102.43,102.43,5
1364864940.0,102.43,102.43,102.43,102.43,2.90063027
1364865060.0,103.68,103.68,103.68,103.68,0.10417
1364865360.0,102.43,102.43,102.33,102.33,6.8
1364866080.0,102.97,102.97,102.93,102.93,2
1364866200.0,103.38,103.38,103.38,103.38,1
1364866500.0,103.48,103.48,103.48,103.48,6.93184203
1364866620.0,103.69998,103.69998,103.69998,103.69998,5.49653748
1364866800.0,103.01,103.01,103.01,103.01,3
1364866860.0,103.29391,103.29391,102.37,102.37,12.46247571
1364868000.0,102.8,102.8,102.8,102.8,15
1364868660.0,103.67909,103.67909,103.67909,103.67909,20
1364869020.0,103.35637,103.35637,103.35637,103.35637,2.80603972
1364869080.0,103.4,103.4,103.4,103.4,0.033
1364870100.0,104.09,104.09,104.08787,104.09,2.0282387
1364870280.0,103.98788,103.98788,103.98788,103.98788,4.9717613
1364870760.0,104.99901,104.99901,104.99901,104.99901,3.04700463
1364872020.0,105,105,105,105,5
1364872080.0,105,105,105,105,2.276
1364872140.0,105,105,105,105,44.724
1364874720.0,104.86,104.86,104.7,104.7,15.995
1364874900.0,105.3,105.6,104.99999,105.6,15.995
1364875140.0,105.4,105.4,104.75,104.75,4.3732
1364875200.0,104.72,104.72,104.72,104.72,10.6268
1364875440.0,105.40001,105.40001,105.4,105.4,0.15406281
1364875500.0,105.49,105.49,105.49,105.49,4.84593719
1364875560.0,105.53,105.53,105.52001,105.52001,10
1364875620.0,105.79896,105.79896,105.7,105.7,7.18423353
1364875740.0,105.71001,105.71001,105.7,105.70001,9.79203509
1364875860.0,106,106,106,106,20
1364876040.0,106,106,106,106,1
1364876100.0,105.9,106,105.9,106,54
1364876340.0,104.25,104.25,103.5,103.5,55
1364876400.0,104.23927,104.23927,104.23927,104.23927,0.8281
1364877180.0,104.998,104.998,104.998,104.998,0.567
1364879280.0,103,103,103,103,16.7163398
1364879340.0,102.37,103,102,103,37.12
1364879400.0,102,102,100.1,101.36001,814.47
1364879460.0,102,102,102,102,10
1364879580.0,101.28924,101.28924,99,99,89.837
1364879700.0,101,101,99,99,79
1364879820.0,101,101,101,101,20
1364879880.0,100.99999,101,100.99999,101,30.18812376
1364880000.0,101.36004,101.36004,101.36004,101.36004,5
1364880060.0,101,101,101,101,10
1364880360.0,103,103,103,103,20
1364880600.0,103.08,103.08,103,103,15
1364880660.0,102.45002,102.45002,102,102,9.85846562
1364881380.0,102.75,102.75,102.75,102.75,25
1364881440.0,102.75,103,102.75,103,97.64853438
1364882040.0,102.95,102.98,102.95,102.98,50
1364883180.0,102.99,103,102.99,103,20
1364884080.0,102,102,102,102,20
1364884380.0,102,102,102,102,20
1364885040.0,101.09001,101.09001,101.02,101.02,10
1364886120.0,102.79801,102.79801,102.79801,102.79801,25
1364887020.0,102,102,102,102,0.88327519
1364887320.0,102,102.747,102,102.747,45
1364889600.0,102.77689,102.77689,102.77689,102.77689,0.0498486
1364891040.0,102.8,102.95,102.8,102.95,1.15669264
1364891100.0,102.96,102.96,102.96,102.96,0.09957
1364891160.0,102.96,102.96,102.96,102.96,0.49785
1364891280.0,103,103,103,103,10
1364891340.0,103.38095,103.38095,103.38095,103.38095,1
1364891400.0,103.38095,103.38095,103.38095,103.38095,0.45612251
1364891940.0,103.5,104,103.5,104,10
1364892540.0,104,104.88,104,104.88,69.20324571
1364892600.0,104.89,104.9,104.89,104.9,30.79675429
1364892660.0,104.86998,104.86998,104.675,104.675,11.02965814
1364892900.0,104.82989,104.82989,104.82989,104.82989,0.01203712
1364892960.0,104.82989,104.82999,104.8,104.8,35
1364893080.0,104.5,104.5,104.5,104.5,20
1364894400.0,105,105,105,105,33.94138927
1364894460.0,104.99617,104.99617,104.99617,104.99617,16.05861073
1364894520.0,104.99617,104.99617,104.99617,104.99617,1.11
1364894820.0,104.47381,105.39999,103.52761,105.39999,498.59689784
1364895000.0,104.9,104.9,104.9,104.9,28
1364895060.0,104.9,105.019,104.89998,105.019,13
1364895120.0,105.51,105.51,105.51,105.51,0.9
1364895360.0,105.0601,105.0601,105.0601,105.0601,0.29912578
1364895540.0,105.397,105.397,105.397,105.397,0.214177
1364895600.0,105.22472,105.22472,105.22472,105.22472,15
1364895780.0,105.22472,105.22472,105.22472,105.22472,5.90909076
1364896440.0,105.3,105.3,105.3,105.3,0.2485
1364897460.0,105.45,105.45,105.45,105.45,2
1364897580.0,105.5,105.51,105.5,105.51,50
1364898120.0,105.45,105.45,105.45,105.45,10.97
1364898840.0,106,106,105.73001,105.85,45
1364898900.0,105.9,105.9,105.9,105.9,25
1364898960.0,105.88495,106.8,105.88495,106.5,116.23
1364899080.0,106.59998,106.9,106.59998,106.9,124.02777
1364899140.0,106.91,107.65,106.525,107,505.97223
1364899200.0,107,107.12101,107,107.12101,70
1364899260.0,106.0123,106.97633,106.0123,106.97633,63.24754331
1364899320.0,106.86,106.91,106.86,106.91,0.9957
1364899380.0,106.9875,106.9875,106.91,106.91,21.0457
1364899440.0,106.9,106.9,106.9,106.9,5
1364899500.0,106.1407,106.1407,106.1407,106.1407,0.51932419
1364899680.0,106.02,106.02,106.0123,106.0123,10
1364899740.0,106.08,106.11,106.08,106.11,1.9871
1364900040.0,105,105,105,105,12
1364900100.0,104,104.21,103.95,103.95,50
1364900160.0,103.77,104,103.77,104,18
1364900340.0,105.33,105.33,105.33,105.33,0.01917537
1364900400.0,105.23999,105.35,105.23999,105.35,0.56468344
1364900460.0,105.23999,105.23999,105.23999,105.23999,0.04980807
1364900520.0,105.23998,105.23998,105.23998,105.23998,0.01158926
1364900760.0,104.40009,104.40009,104.4,104.4,50
1364900940.0,105.9,106,105.50001,105.50001,31.01805451
1364901240.0,106.2,106.2,106.2,106.2,3.5
1364901900.0,105.79999,106.4,105.79999,106.4,28.63
1364901960.0,105.71491,105.71491,105,105,50
1364902200.0,105.97999,105.99999,105.97999,105.99999,4.21309291
1364902260.0,106,106.40008,106,106.40008,45.78690709
1364902560.0,106.40007,106.40008,106.40007,106.40008,1
1364903460.0,106.6,106.6,106.6,106.6,10
1364905500.0,106.50003,107.12101,106.201,107.12101,50
1364906100.0,107.775,107.775,107.775,107.775,0.1
1364906160.0,107.77501,107.875,107.775,107.875,0.37180363
1364906220.0,107.875,107.975,107.875,107.925,0.27057533
1364906580.0,107.8,107.8,107.8,107.8,18.6
1364906640.0,107.8,107.8,107.8,107.8,18.6
1364907180.0,107.65,107.65,107.65,107.65,3
1364907480.0,107.65,107.65,107.65,107.65,2.5
1364907540.0,107.90002,107.90002,107.90001,107.90001,0.61772989
1364907600.0,107.90002,107.90002,107.90002,107.90002,0.12770269
1364907660.0,107.80001,107.80001,107.8,107.8,2.7560882
1364907780.0,107.65,107.65,107.65,107.65,10.1
1364907900.0,107.9,107.9,107.9,107.9,21.64573893
1364907960.0,107.65,107.65,107.65,107.65,50
1364908080.0,107.998,107.998,107.998,107.998,20.95635756
1364908740.0,108.0399,108.0399,108.0399,108.0399,10
1364909040.0,107.20001,107.20001,107.2,107.2,0.8
1364910300.0,107.987,107.987,107.987,107.987,0.01
1364910360.0,107.99,107.99,107.99,107.99,40.69259403
1364910540.0,107.21001,107.21001,107.21,107.21,19.7973
1364910780.0,107.2,107.2,107.2,107.2,2.38253285
1364911380.0,107.8,107.8,107.8,107.8,7.95
1364911800.0,107.84837,107.84837,107.84837,107.84837,0.1563751
1364911920.0,107.85,107.85,107.85,107.85,1.70874585
1364911980.0,107.6,107.85,107.6,107.85,9.8768765
1364912160.0,107.86485,107.86485,107.86485,107.86485,1
1364912220.0,107.80002,107.80002,107.80001,107.80001,20.55642419
1364912280.0,107.51001,107.51001,107.5,107.5,5
1364912640.0,108.8275,108.8275,108.025,108.025,1.2
1364912700.0,107.85,108,107.85,108,5
1364912760.0,108,108.85598,108,108,6.39992017
1364912820.0,108.4,108.86,108.4,108.85599,42.17
1364912940.0,108.5,108.5,108.5,108.5,4.06
1364913060.0,108.01,108.01,107.87794,107.87794,5
1364913180.0,108.5,108.5,108.5,108.5,11.92
1364913240.0,108.04999,108.04999,107.88001,108.04609,6.67258849
1364913360.0,108,108,108,108,4.98200255
1364914680.0,108.05,108.05,108.05,108.05,10
1364915460.0,108.40895848,108.40895848,108.40588035,108.40588035,4.16
1364915520.0,108.40588035,108.40588035,108.40588035,108.40588035,2.08
1364915580.0,108.4751196,108.4751196,108.4751196,108.4751196,13.76
1364915640.0,108.46883206,108.46975222,108.08197222,108.18422222,50
1364915880.0,108.46899088,108.46899088,108.46899088,108.46899088,17.72744638
1364915940.0,108.46899088,108.46899088,108.46866513,108.46866513,12.27255362
1364916060.0,108.4,108.47,107.91854903,107.91854903,19.28000255
1364917260.0,108.47999,108.47999,108.47999,108.47999,1
1364917380.0,107.90823396,107.90823396,107.1,107.47696396,149.44792621
1364917500.0,108.47,108.47,108.00472511,108.00472511,17.72122807
1364917560.0,108.00472511,108.00472511,108.00472511,108.00472511,0.12245614
1364917680.0,107.49318305,107.49318305,107.49318305,107.49318305,6.50139076
1364917800.0,107.69998,107.70072944,107.69998,107.70072944,2.98152038
1364918160.0,107.40106053,107.40106053,107.09988488,107.09988488,21.466
1364919420.0,108,108,108,108,18.54
1364919600.0,108.19841083,108.19968877,108.19841083,108.19968877,32.4766421
1364919660.0,108.14353877,108.21228971,108.14353877,108.21228971,29.20568583
1364920800.0,108.1500512,108.2804112,108.15,108.21999,48
1364921220.0,107.96963349,108.3,107.75147349,108.3,57
1364921580.0,108.3,108.34014931,108.3,108.34014931,39.41299911
1364921640.0,108.35012931,108.35012931,108.34013931,108.34013931,2.41299911
1364921820.0,107.80000117,107.80000117,107.75999117,107.75999117,50
1364921880.0,107.76006946,107.76006946,107.76005946,107.76005946,1.54
1364921940.0,108.32020292,108.32021292,108.32020292,108.32021292,6
1364922000.0,108.36899,108.36899,108.36899,108.36899,0.03746807
1364922060.0,108.36903881,108.37144483,108.36903881,108.37144483,100.11240421
1364922120.0,108.3715206,108.37447485,108.3715206,108.37447485,0.07493614
1364923200.0,108.34,108.34,108.34,108.34,35.78155435
1364923260.0,108.09999,108.1,108.09999,108.1,0.67012338
1364923320.0,108.365,108.36899,108.09999,108.1,5.67012338
1364923380.0,108.365,108.365,108.365,108.365,1.05
1364923440.0,108.36,108.36,108.36,108.36,1.15
1364923680.0,108.3689,108.3689,108.3689,108.3689,1
1364923860.0,108.35999,108.36,108.35999,108.36,1.12607398
1364923980.0,108.34,108.3689,108.34,108.3689,13.89725471
1364924040.0,108.3689,108.3689,108.3689,108.3689,3.11975593
1364924100.0,108.3689,108.3689,108.365,108.3689,5.83298936
1364924160.0,108.34,108.3689,108.34,108.3689,4.36006316
1364924520.0,108.01,108.09999,108.007,108.09999,5.26489106
1364925660.0,108.60001,108.60001,108.5,108.6,36.11600063
1364925720.0,108.399,108.399,108.399,108.399,1.51752258
1364925780.0,108.399,108.399,108.399,108.399,3.11791773
1364925840.0,108.605,108.605,108.605,108.605,13.88399937
1364925900.0,108.7594,108.7594,108.71999,108.71999,2
1364925960.0,108.72,108.7594,108.72,108.7594,3.73860034
1364926680.0,108.79099,108.79998,108.79099,108.79998,0.07258005
1364926740.0,108.83,108.83,108.83,108.83,10
1364926980.0,108.58,108.83,108.58,108.83,15
1364927640.0,108.8,108.8,108.8,108.8,1
1364927940.0,108.51,108.81127,108.51,108.80001,20
1364928180.0,108.90041,108.90041,108.90041,108.90041,0.01131245
1364928420.0,108.98,108.98,108.97999,108.97999,200
1364928480.0,108.97999,108.98,108.97999,108.98,11
1364928600.0,110,110,110,110,21
1364928660.0,110.25,110.25,109.689,109.689,19.54949782
1364928720.0,109.689,109.99,109.689,109.99,99.54952027
1364928840.0,109.99,109.99,109.99,109.99,30
1364928900.0,109.69,109.69,109.69,109.69,1
1364928960.0,109.95,109.95,109.95,109.95,22
1364929020.0,109.95,109.95,109.95,109.95,17.04146646
1364929080.0,109.94999,109.95,109.94999,109.95,14.92741995
1364929260.0,109.99998,110,109.99998,110,274.82280752
1364929320.0,109.8011,109.8011,109.80109,109.80109,1.01016951
1364929380.0,110.01002,111,110.01002,111,4
1364930220.0,110.98901,110.98901,109.151,109.5,363.87
1364930460.0,110.99998,110.99998,110.99998,110.99998,0.4413583
1364930580.0,110.95,110.95,110.95,110.95,0.29871
1364930640.0,110.71101,110.71101,110.71101,110.71101,0.01
1364931060.0,111,111,111,111,2
1364931240.0,111.96,111.96,111.96,111.96,0.1
1364931300.0,111.05002,111.96,111.05002,111.96,0.2
1364931360.0,112,112,111.96,111.96,0.4
1364931420.0,111.96,112,111.96,112,0.2
1364931660.0,111.95001,111.95001,111.95001,111.95001,9.42
1364931900.0,111.96,111.96,111.96,111.96,0.1
1364931960.0,111.96,112,111.96,112,39.04
1364932020.0,111.9954,113,111.9954,113,8.1
1364932080.0,111.9954,113,111.9954,113,35.64504399
1364932140.0,113,113,111.9954,111.9954,14.75495601
1364932200.0,111.9954,111.9954,111.9954,111.9954,0.1
1364932260.0,111.9954,111.9954,111.9954,111.9954,1.4
1364932680.0,114.6795,115.25,114.6795,115,23.3
1364932800.0,115,115,115,115,4
1364933040.0,113.95,113.95,113.95,113.95,2.0815625
1364933280.0,114.10998907,114.49834612,114.10832612,114.10832612,51
1364933340.0,114.49834612,114.49834612,113.9997943,113.9997943,65.9
1364933520.0,114.5,114.5,114.5,114.5,0.39899564
1364933580.0,114.62395802,114.62395802,114.62395802,114.62395802,2.8
1364933640.0,114.61809188,114.62010336,114.47808188,114.62010336,21.1164521
1364933700.0,114.62010336,114.62010336,114.61760118,114.61760118,3.9493563
1364933760.0,114.6,114.6,114.6,114.6,9.8
1364933820.0,114.1622841,114.4322841,114.01355497,114.01355497,6.42183014
1364933880.0,114.01355497,114.01492179,112.99986179,113.96002664,125.47128986
1364934000.0,113.95994786,113.95994786,113.00159534,113.95970134,4.55775005
1364934060.0,113.8,113.82857211,113.8,113.82857211,5.41495475
1364934120.0,113.82857211,113.82857211,113.82857211,113.82857211,0.41495475
1364934180.0,113.8,113.8450373,113.8,113.83626119,33.91234045
1364934240.0,113.90627031,113.90627031,113.90627031,113.90627031,1
1364934300.0,113.8987233,113.8987233,113.8987233,113.8987233,0.1
1364934480.0,113.88998,113.88998,113.88998,113.88998,2.11119888
1364934540.0,113.8899516,113.8899516,113.8899516,113.8899516,32.50673
1364934600.0,113.8899516,113.88996311,113.50000311,113.50000311,71.61218528
1364934660.0,112.87725384,112.87725384,112.87725384,112.87725384,0.88108472
1364934720.0,112.87562638,113.89137362,112.86561638,113.89137362,60.42715193
1364935020.0,112.52480604,112.83,112.52480604,112.83,2.52527883
1364935200.0,113.88625193,113.88625193,113.88625193,113.88625193,1
1364935320.0,113.05,113.05,113.05,113.05,2
1364935380.0,113.3,113.3,113.3,113.3,2.1500683
1364935440.0,112.81176799,112.81176799,112.81176799,112.81176799,23
1364935500.0,112.81581563,112.81581563,112.8155054,112.8155054,15.99
1364935560.0,112.1221439,112.1221439,112.1221439,112.1221439,10.00046127
1364936460.0,113.78964456,113.79964456,113.78964456,113.79964456,50
1364936580.0,113.79011958,113.79011958,113.79011958,113.79011958,40
1364936880.0,115,115,115,115,10
1364936940.0,115.79955319,115.79983854,115.79955319,115.79983854,2.58335469
1364937000.0,115.79983854,115.79983854,115,115,8.79610761
1364937060.0,115,115,115,115,5
1364937180.0,114.69947339,114.99380948,114.32047339,114.99380948,7.07279877
1364937240.0,114.99380948,115,114.99,115,9.07279877
1364937480.0,114.99,115,114.99,115,25
1364937720.0,114.99584835,114.99584835,114.99584835,114.99584835,10
1364938080.0,114.99,115,114.99,115,25
1364938140.0,115.00001,115.00001,115,115,34.82416471
1364938560.0,115.19985386,115.19985386,115.19983386,115.19985386,7.65077545
1364939100.0,114.76649508,114.76649508,114.7623716,114.7623716,12.87852312
1364939280.0,114.78567917,114.78567917,114.78567917,114.78567917,5.94625
1364939340.0,114.4997171,114.49998966,114.4997171,114.49997966,20.91435436
1364939400.0,114.49998966,114.99000218,114.49998966,114.99000218,11.21654495
1364939520.0,114.99358503,114.99358503,114.99358503,114.99358503,1
1364939640.0,114.89845105,114.89845105,114.55847105,114.55847105,17.88390704
1364939760.0,114.56990128,114.56990128,114.56990128,114.56990128,1.20454545
1364939880.0,114.98999,115.29,114.98999,115.29,25
1364939940.0,115.7625,115.7625,115.7625,115.7625,3
1364940180.0,115.36893245,115.36893245,114.49893245,114.49893245,269.95120004
1364940300.0,115.7625,115.7625,115.34265698,115.34265698,7.2465487
1364940360.0,115.39265698,115.72265698,115.39265698,115.72265698,61.8034513
1364940540.0,115.69124137,115.73124137,115.69124137,115.73124137,35.25
1364940840.0,114.47877001,114.78276001,114.47877001,114.78276001,12.10927374
1364940900.0,114.47601,114.779,114.47601,114.779,7.89072626
1364941140.0,115.1,115.19,115.1,115.19,35.13
1364941200.0,115.19,115.19,115.19,115.19,4
1364941320.0,115.18,115.18,115.18,115.18,0.2
1364941560.0,114.48165448,114.48165448,114.27588448,114.27588448,8
1364941620.0,115.18,115.18,115.18,115.18,8
1364941740.0,113.51525957,113.51525957,113.51525957,113.51525957,0.1
1364941980.0,114.9,114.9,114.9,114.9,2
1364942040.0,114.99617228,114.99617228,114.99617228,114.99617228,2.61084365
1364942100.0,114.99617228,114.99617228,114.9930546,114.9930546,10.38915635
1364942340.0,114.16999361,114.99813838,114.16999361,114.99812838,5.67762842
1364942460.0,114.23890832,114.23890832,114.16949832,114.16949832,6
1364942520.0,114.9894532,114.9894532,114.9894532,114.9894532,0.1088
1364942580.0,114.9894532,114.98999,114.9894532,114.98950535,0.1632
1364942640.0,114.98999,114.98999,114.98999,114.98999,11.00037158
1364942880.0,114.20402904,114.96929827,114.20402904,114.96929827,19.54398515
1364942940.0,114.80000609,114.95999609,114.80000609,114.95999609,0.97475951
1364943300.0,114.8,114.8,114.8,114.8,100
1364943360.0,114.9348,114.9348,114.9348,114.9348,4.03988098
1364943720.0,115,115,115,115,4.1
1364943780.0,114.94196603,114.94196603,114.94196603,114.94196603,31.9
1364943840.0,114.95061925,114.95061925,114.94868825,114.94868825,0.2
1364943900.0,114.9468223,114.9468223,114.9468223,114.9468223,0.14
1364943960.0,114.9747329,114.9747329,114.9747329,114.9747329,0.14
1364944740.0,115.99801741,115.99801741,115.99801741,115.99801741,34.87369601
1364944800.0,116,116,116,116,3
1364944980.0,116.00008995,116.00009995,116.00008995,116.00009995,3
1364945100.0,116,116.20703354,115.74297646,116.20703354,3.49993079
1364945760.0,116.10648839,116.10648839,116.10648839,116.10648839,2
1364945820.0,116.7262,116.7262,116.7262,116.7262,10
1364946120.0,117.5951,117.5951,117.5951,117.5951,1
1364946180.0,117.5951,118.3867,117.5951,118.01567833,219.49993079
1364946720.0,116.88,116.88,116.88,116.88,1.0021584
1364946960.0,117.33,117.33,117.33,117.33,5
1364947140.0,118.22935407,118.22935407,118.22935407,118.22935407,1
1364947260.0,117.95826131,117.95826131,117.95826131,117.95826131,1
1364947440.0,117.33,117.45962017,116.88,116.88,25
1364947620.0,116.88,117.34204,116.3,116.53353,200
1364947680.0,117.34202,117.85,117.34202,117.61999,100
1364947740.0,117.31015953,117.62015953,117.31015953,117.62015953,11.5
1364947860.0,116.52501,116.52501,116.5101,116.5101,15
1364947980.0,117.51225426,117.59225426,117.51225426,117.59225426,75.73484671
1364948040.0,117.63195426,117.63224426,116.57592778,116.57592778,28.66045827
1364948100.0,117.17490778,117.52646229,116.57592778,117.52646229,13.17171615
1364948160.0,117.17034258,117.17034258,116.58034258,116.58034258,3
1364948520.0,116.65,116.65,116.65,116.65,5.80176468
1364948580.0,116.65,117.42050944,116.65,117.42050944,5.73232623
1364948640.0,117.28579719,117.42331719,116.65,116.65,12.06881537
1364948700.0,116.65,117.46011957,116.65,117.46011957,18.47278528
1364949300.0,117.26297254,117.26297254,117.26297254,117.26297254,2
1364949420.0,117.00003262,117.00003262,117.00003262,117.00003262,1.34737825
1364949480.0,116.72,116.72,116.72,116.72,4
1364949540.0,117,117.19000248,117,117.19000248,2
1364949720.0,117.15,117.15,117.15,117.15,0.39
1364950320.0,117.51527725,117.81528725,117.51527725,117.81528725,4.25131313
1364950800.0,118.35,118.35,118.35,118.35,1
1364951220.0,118.35,118.35,118.35,118.35,18
1364951340.0,117.37001,118.35,117.37001,117.889,11
1364951400.0,117.1,117.1,117.1,117.1,18
1364951580.0,118.35,118.35,118.35,118.35,14
1364951640.0,118.35,118.35,118.35,118.35,10
1364951700.0,118.35,118.35,118.35,118.35,5
1364951880.0,117.1,117.5,117.1,117.5,49
1364951940.0,117.5,117.5,117.5,117.5,0.09490844
1364952060.0,117.5,117.5,117.5,117.5,10.90509156
1364952120.0,117.74955262,118.35,117.49955262,118.35,22.71356376
1364952300.0,118.35,118.35,118.35,118.35,3.41356376
1364952720.0,118.35,118.35,118.35,118.35,6.18643624
1364952780.0,118.20056829,118.20056829,118.20056829,118.20056829,4.31356376
1364953020.0,118.00099218,118.00100218,118.00099218,118.00100218,20
1364953080.0,118.00536838,118.20536838,118.00536838,118.20536838,16.01006687
1364953140.0,118.00223759,118.00223759,118.00223759,118.00223759,0.847
1364953200.0,118.00622087,118.34622087,118.00622087,118.34622087,18
1364953320.0,117.89001,117.89001,117.89001,117.89001,0.00509156
1364953380.0,118.3878667,118.3880667,118.3878667,118.3880667,2.60568644
1364953440.0,117.94,117.94,117.94,117.94,0.449
1364953620.0,117.63,118,117.63,118,21.74002413
1364953740.0,117.53999,117.54,117.53999,117.54,9.25997587
1364954040.0,117.98999,117.98999,117.98999,117.98999,2.71
1364954820.0,116.57909668,116.57909668,116.57909668,116.57909668,5
1364956200.0,118.03224427,118.03224427,118.03224427,118.03224427,1
1364956260.0,118.99,119.09811195,118.99,118.99,1.2674
1364956320.0,118.99,119.114,118.99,119.114,20
1364956440.0,119.114,119.787,119.114,119.39,19.64052737
1364956500.0,118.67501027,118.67501027,118.67501027,118.67501027,5
1364956620.0,119.57,119.57,119.57,119.57,1.5
1364957100.0,119.9208287,119.92224649,119.8708287,119.87224649,0.6
1364957280.0,119.98961112,120,119.98961112,120,9.5
1364957340.0,120.4135,120.4135,120.4135,120.4135,9.1
1364957400.0,120.4135,121.12260101,120.4135,121.07243355,1.7
1364957460.0,121.02243355,121.12243355,121.02243355,121.12243355,0.5
1364957520.0,120.9997,121.06232628,120.9997,121.06232628,0.6
1364957640.0,121.13001368,121.13001368,121.13001368,121.13001368,8.06
1364957700.0,121.93299797,121.93299797,120.9997,120.9997,0.9
1364957760.0,121.93299797,121.93299797,121.88299797,121.88299797,0.4
1364957880.0,120.9997,121.18,120.9997,121.18,2
1364957940.0,121.15,121.5506,120.9997,121.5506,40.1
1364958000.0,122,123.5,121.14,121.14,156.5
1364958420.0,121.99945179,121.99945179,121.19945179,121.19945179,15.53900699
1364958600.0,123.8997,123.8997,123.8997,123.8997,0.65
1364958660.0,123.8997,125.0697,123.8997,125.0697,37.2
1364959020.0,124.54630392,125.0697,123.98375337,123.98375337,2.2
1364959080.0,124.48375337,124.48375337,124.47891141,124.47891141,3.80987862
1364959200.0,124.51383367,124.51383367,124.51383367,124.51383367,0.1
1364959380.0,124.65,124.65,124.55,124.55,10
1364959440.0,124.8787391,124.8787391,124.8787391,124.8787391,5
1364959500.0,124.87539613,124.87540613,124.87435902,124.87435902,10
1364959740.0,124.95,124.95,124.95,124.95,5
1364959800.0,125.0697,125.4296,125.0697,125.4296,10
1364959860.0,125.4296,125.4296,125.4296,125.4296,5.14957
1364959920.0,125.12972332,125.12972332,125.12972332,125.12972332,5.08914
1364959980.0,125.7764,125.7764,125.7764,125.7764,4.8293846
1364960160.0,126.12497332,126.12497332,126.00097332,126.00097332,13
1364960220.0,126.48971679,126.48971679,124.62471679,124.62471679,168.85840004
1364960280.0,124.59972679,127,124.59971679,126.49330887,80.75848355
1364960400.0,123.8171708,124.0040708,123.8171708,124.0040708,11
1364960580.0,123.99726571,124.02144829,123.99726571,124.02144829,11.03729
1364960640.0,123.52533057,123.5308573,123.52533057,123.5308573,115.23729
1364960700.0,123.52738372,123.52738372,123.52738372,123.52738372,15
1364960760.0,124.0284649,124.0284649,124.0284649,124.0284649,1
1364961480.0,123.04427766,123.04427766,122.55,122.76543747,100
1364961540.0,123.01621056,123.01621056,123.01621056,123.01621056,10
1364961600.0,123.00054418,123.00054418,123,123,20
1364961720.0,123.40062759,123.40062759,123.30247491,123.30247491,2
1364961840.0,123.00031904,123.00031904,120,120.21885398,32
1364961900.0,121.79885398,121.79885398,119.59257752,119.59257752,24.02247018
1364961960.0,119.57438752,121.29861248,119.47758752,119.99938752,38.05964611
1364962020.0,120.79447264,120.79447264,118.9979539,119.0078639,106.77636216
1364962080.0,119.0078539,119.93441783,117.99441783,119.93348482,228.41331784
1364962140.0,119.93348482,119.93348482,119.93293013,119.93293013,60
1364962200.0,118.45278981,118.71414816,118.45278981,118.47414816,6.48142
1364962320.0,119.57202826,119.80640826,119.57202826,119.80640826,11
1364962440.0,118.85411716,118.98411716,118.85411716,118.94411716,4.26735
1364962500.0,118.54579326,118.54579326,118.54579326,118.54579326,0.424
1364962800.0,123.25,123.25,123.25,123.25,4.3
1364962860.0,118.5,123.25,118.5,122.86155,10.57273553
1364963160.0,120.025,122.86155,120.025,122.86155,10.65341463
1364963220.0,120.3,120.3,120.3,120.3,2
1364963400.0,122.49884468,122.49884468,122.49884468,122.49884468,1.7475115
1364963460.0,122.85702488,122.85702488,122.85702488,122.85702488,0.3524885
1364963520.0,122.90630645,122.90630645,122.85170355,122.90630645,13.00468182
1364963580.0,122.8482718,122.8482718,122.8482718,122.8482718,0.1
1364963700.0,121.84814385,121.84814385,121.84814385,121.84814385,2
1364963820.0,122.00467335,123.3,122.00467335,123.3,10
1364963880.0,121.99969117,121.99969117,121.99969117,121.99969117,6
1364964060.0,122.75373,122.75373,122.75373,122.75373,0.5
1364964180.0,122.79044571,122.85956429,122.78825989,122.78825989,10.71363636
1364964240.0,122.86051597,122.86051597,122.86051597,122.86051597,10
1364964300.0,122.85932393,123.3,122.8482959,122.84996347,166.78258743
1364964360.0,122.84987046,122.84987046,122.84987046,122.84987046,7.62986557
1364964420.0,122.85,122.85011069,122.85,122.85011069,6.3676
1364964480.0,122.889,122.889,122.889,122.889,3.6
1364964720.0,122.35,122.35,122.35,122.35,6
1364964840.0,122.35,122.35,122.35,122.35,0.5
1364964900.0,121.01205039,121.01205039,121.01205039,121.01205039,0.65
1364964960.0,121.0040125,121.0040125,121.0040125,121.0040125,5
1364965020.0,122.1,122.1,122.1,122.1,5
1364965080.0,121.01008454,121.01008454,121.01008454,121.01008454,10
1364965200.0,121.01092105,121.01092105,120.99991105,120.99991105,70.83901708
1364965260.0,122.35012536,122.40012536,122.35012536,122.40012536,20
1364965380.0,120.64745754,122.76578858,120.64745754,122.76578858,126.73643677
1364965440.0,119,120.01488365,119,120.01488365,2.90909076
1364965680.0,120,120,120,120,0.5
1364965740.0,120,120,120,120,2.14308685
1364965800.0,120.9990297,120.9990297,120.9990297,120.9990297,10.1
1364965860.0,121.00015814,121.00015814,120.9978138,120.9978138,6.1
1364965920.0,121.00032348,121.00032348,120,120,5.2
1364966040.0,120.99731616,121.00033616,120.99731616,121.00033616,5
1364966160.0,120.99920019,121.00223019,120.99920019,120.99921019,34.50305759
1364966220.0,121.72206495,121.78855495,121.72206495,121.72206495,5.37764039
1364966340.0,121.80000021,121.80000021,121.80000021,121.80000021,5
1364966400.0,121.80087443,121.80087443,121.80073075,121.80073075,0.10465908
1364966820.0,121.14613347,121.14613347,121.14613347,121.14613347,0.06303837
1364967120.0,121.14022259,121.1446237,121.14022259,121.1446237,0.14560267
1364967840.0,122.63972247,122.63972247,122.63972247,122.63972247,20
1364967900.0,122.63205681,122.63205681,122.63205681,122.63205681,0.843
1364968200.0,123.2,123.2,122.9636,122.97,155
1364968260.0,123.93631249,123.94528249,123.93631249,123.94528249,0.6754352
1364968320.0,123.8796044,123.8796044,123.8796044,123.8796044,5
1364968560.0,124.6376406,124.6376406,124.6376406,124.6376406,5.6
1364968620.0,124.63486328,126.8,124.63375673,124.63375673,31.4
1364968680.0,124.63694215,124.63694215,124.63694215,124.63694215,5.6
1364968800.0,124.00958618,124.00958618,124.00958618,124.00958618,2.86438314
1364968920.0,125.10858571,125.73410571,125.10858571,125.10858571,0.49152
1364968980.0,125.11769428,126.995,125.11769428,126.995,2.1
1364969340.0,126.995,126.995,126.995,126.995,4
1364969520.0,126.995,129.00293118,126.995,129.00293118,300
1364969580.0,126.99708882,127,126.99129071,126.99129071,57.81524281
1364969640.0,127.51497116,129.14157361,127.51497116,129.14157361,33.44029667
1364969700.0,127.4,127.4,127.4,127.4,0.1
1364969820.0,127.4,127.4,127.4,127.4,7.9
1364969880.0,128.99536959,128.99536959,128.99536959,128.99536959,16
1364969940.0,130.99328426,130.99328426,130.99328426,130.99328426,10
1364970000.0,131,131,131,131,10
1364970120.0,131,131,131,131,4
1364970540.0,128.27705656,128.27705656,128.27200656,128.27200656,12
1364970660.0,130.00249842,130.00455842,130.00249842,130.00249842,2.6784
1364970720.0,130.00249842,130.00249842,129,129,1.7692
1364970780.0,129.91145601,129.91311631,129.91145601,129.91311631,3.5256
1364970840.0,129.91311631,129.92612575,129.01133224,129.92612575,8.9488
1364970900.0,131,131,130.016395,130.016395,17.4649887
1364970960.0,131.79912076,131.79912076,131.79912076,131.79912076,0.189255
1364971020.0,131.79912076,131.79912076,130.5,130.5,0.52617
1364971200.0,131.73626,131.73626,131.73626,131.73626,0.36059592
1364971440.0,132.4,132.4,132.38314348,132.38314348,41.61076038
1364971500.0,132.37898219,132.37898219,132.37898219,132.37898219,1
1364971620.0,132.3742151,132.4,132.3742151,132.4,8.38923962
1364971680.0,132.5324072,134.6,132.5324072,134.6,48.45
1364971740.0,135,135,135,135,5
1364971800.0,132.00248652,132.00248652,132.00248652,132.00248652,1.17748616
1364971860.0,131.99953677,131.99953677,130.99973677,131.71527547,37.68241642
1364971980.0,131.98821542,131.98821542,131.98821542,131.98821542,3.16637974
1364972040.0,131.54758737,132.02390421,131.54758737,132.02390421,12.6625
1364972160.0,135,135,135,135,5
1364972220.0,136.5316671,140.0316671,136.5316671,140.0316671,40
1364972280.0,136.5482124,136.5482124,136.5482124,136.5482124,5
1364972340.0,136.5482124,136.5482124,136.5482124,136.5482124,8
1364972520.0,134.25,134.25,134.05,134.05,3
1364972580.0,134.05980316,134.05980316,134.00780316,134.00780316,28.58925733
1364972640.0,133,134.05980316,133,133.98819113,129.37834267
1364972700.0,135.00118576,135.00118576,135.00118576,135.00118576,0.82308419
1364973000.0,137.19997675,137.19997675,137.19997675,137.19997675,0.5
1364973120.0,137.08926318,137.08926318,136.98926318,136.98926318,11.99812759
1364973240.0,137.12837384,137.13192966,137.12837384,137.13192966,3.9
1364973540.0,135,135.00147871,135,135.00147871,2.95
1364973600.0,135.00147871,135.01203301,135.00147871,135.01203301,10.2
1364973720.0,130,130,130,130,0.1
1364973840.0,135.06436236,136.96291563,135.06291563,136.96291563,26.95655227
1364973900.0,136.96291563,136.96291563,134,136.95562137,1.53276135
1364974140.0,137.00518019,137.00874164,135.99,135.99,6.07735955
1364974200.0,137.00874164,137.00874164,135.99,137,36.05246426
1364974320.0,136.19485145,136.19485145,135.19484145,135.19484145,60
1364974500.0,137.21076911,137.21076911,137.21076911,137.21076911,0.02887382
1364974560.0,137.21076911,137.21076911,137.21076911,137.21076911,0.01443691
1364974620.0,138.2998,138.2998,138.2998,138.2998,0.6
1364974680.0,140,140,140,140,6
1364974800.0,142.00029354,142.00030354,142.00029354,142.00030354,0.92707842
1364974860.0,142.0008285,143,142.0008285,143,33.95107644
1364974920.0,143,143,143,143,20.99792356
1364974980.0,142.208726,142.208726,142.208726,142.208726,1.485
1364975040.0,142.2153325,142.9953425,142.2153325,142.2153325,12.50646079
1364975220.0,142.02587141,142.02789973,142.02587141,142.02789973,10.5
1364975280.0,143,143,142,142,5
1364975340.0,142.03701387,142.03701387,141.1466661,141.8521961,2.11958
1364975400.0,141.1466661,141.8521961,141.14479199,141.14479199,0.66704
1364975520.0,142.04497133,142.54497133,142.04497133,142.54497133,6
1364975640.0,139.88107225,139.88107225,139.88107225,139.88107225,2
1364975760.0,141.95146377,141.95146377,141.95146377,141.95146377,5.48786263
1364975880.0,145,145,145,145,1
1364976360.0,143.66312025,143.66312025,143.66312025,143.66312025,0.62233098
1364976420.0,143.8,143.8,143.8,143.8,5
1364976660.0,144.4022365,144.4022365,144.30986316,144.39609684,3.08
1364976780.0,145,145,144.73704996,144.81099996,46.13669941
1364976960.0,145.22278026,145.53508026,145.22278026,145.53508026,0.452
1364977140.0,144.99825598,144.99825598,144.99825598,144.99825598,0.1
1364977440.0,145.88240209,146.7600864,145.88240209,146.7600864,5
1364978040.0,146.88,146.88,146.88,146.88,1.348
1364978340.0,145.71217067,146.09734096,145.71217067,146.09734096,38.39
1364978400.0,145.70265904,145.70265904,145.70265904,145.70265904,7.00004356
1364978640.0,145.6899,145.6899,145.6899,145.6899,18.97201396
1364979120.0,142,142,142,142,10
1364979600.0,125,125,125,125,10
1364979720.0,135,135,135,135,10
1364979780.0,135,135,135,135,8
1364979900.0,139,145.5,139,145.5,16.88
1364980020.0,135,135,135,135,5
1364980140.0,137,137,137,137,0.65
1364980200.0,135,135.15,132.56633,132.56633,6.00752693
1364980320.0,135.37497,135.37497,135.37497,135.37497,3
1364980380.0,134,134,133.131,133.131,53
1364980440.0,133.131,133.131,133.131,133.131,139.17190099
1364980560.0,132.53589588,132.53589588,132.53589588,132.53589588,3
1364980620.0,133.77122825,133.77122825,133.77122825,133.77122825,2.42277396
1364980680.0,133.14337668,134.12721458,133,134.12721458,27.59891604
1364980740.0,134,134.97901922,134,134.97901922,23.73177843
1364980920.0,132.83808681,132.94767433,132.83808681,132.94767433,50
1364981100.0,132.9176639,134,132.9176639,134,1.48991157
1364981280.0,138.55,138.55,138.55,138.55,1
1364981400.0,135.14,137.127,135.14,135.15,92.78
1364981460.0,136.6537,136.6537,133.15,133.15,20
1364981520.0,133.09016,137.127,133.0901,133.09016,48.41422974
1364981580.0,133.09016,134,133.09016,134,150
1364981640.0,132,132.35,132,132,37
1364981760.0,132,135.11901649,132,135.11901649,6
1364981880.0,129.34620238,129.34620238,129.32299636,129.32299636,1.92978636
1364981940.0,131,131,125.91918409,125.91918409,42.07021364
1364982000.0,131.21438333,131.86267887,124.93767887,131.41267887,90.73
1364982060.0,131.36267887,131.36267887,130.01013788,130.07283626,30.24
1364982120.0,129.33598695,129.33598695,129.33598695,129.33598695,28
1364982180.0,127,127,125.8741261,125.8741261,72.98
1364982240.0,128.24279732,128.24279732,125.86779732,125.86779732,13
1364982360.0,130.50991,130.50991,126,126,5
1364982420.0,130.9,130.9,127.93428,127.93428,16.9889791
1364982480.0,131,132,131,131,26
1364982660.0,130,130,130,130,15
1364982720.0,130.1,130.1,130.1,130.1,10
1364982780.0,130.1,130.1,130.1,130.1,5
1364982900.0,130,130.13,129.99,130.13,11
1364983020.0,128.00318592,128.68073493,128.00318592,128.68073493,51.5
1364983200.0,129.99,129.99,129.99,129.99,17.65
1364983260.0,129.98,130.13,129.89040195,130.00043195,85.55
1364983320.0,129.87615991,129.87615991,129.87615991,129.87615991,12
1364983380.0,129.99581046,130.00581046,129.99581046,130.00581046,107
1364983500.0,130.01799311,130.88516369,130.01799311,130.88516369,86.25400578
1364983620.0,130.52319988,130.55364988,130.52319988,130.55364988,0.22
1364983680.0,130.52495272,130.52943272,130,130,1.05051
1364983740.0,130.43031871,130.43031871,130.43031871,130.43031871,1.5
1364983800.0,131.08621092,131.62943092,131.08621092,131.62943092,1.1
1364983860.0,131.09205392,131.09205392,131.09205392,131.09205392,0.3
1364983920.0,128.74836463,128.74836463,128.74836463,128.74836463,0.4
1364983980.0,128.75,131.62783,128.75,128.75,38.8843462
1364984040.0,128.75,128.75,128.75,128.75,9.46858655
1364984100.0,129.949,130.05,129.949,130.05,15
1364984220.0,131.05,131.05,131.05,131.05,0.2
1364984280.0,130.54132,130.54132,130.54132,130.54132,1.14695591
1364984340.0,132.02210984,132.02210984,132.02210984,132.02210984,0.06781551
1364984640.0,131.59534167,131.84534167,131.59534167,131.84534167,0.16
1364984700.0,131.59677755,131.84677755,131.59677755,131.84677755,0.15208461
1364985000.0,132.84453103,132.84453103,132.84453103,132.84453103,0.079656
1364985180.0,135,135,135,135,10
1364985240.0,135,136.09380583,135,135,52
1364985300.0,135,135,135,135,18.2
1364985360.0,137.11703789,137.11703789,137.11703789,137.11703789,0.059742
1364985480.0,138.07042434,138.07042434,138.07042434,138.07042434,10
1364985900.0,135.91353641,135.91353641,135.91353641,135.91353641,0.029871
1364986020.0,135.93810253,138.1,135.93810253,138.1,10
1364986140.0,136.90479853,137.98579853,136.90479853,137.98579853,50
1364986320.0,137.01307956,137.01307956,137.01307956,137.01307956,0.0757792
1364986500.0,137.91849571,137.91849571,137.91849571,137.91849571,2.35913254
1364986560.0,137.94715452,138.46930328,137.94714452,138.46930328,82.87086746
1364986620.0,138,138.45522655,138,138.45522655,14
1364986680.0,138.6,139.04870785,138.5683,139.04870785,11.02
1364986740.0,138.91390808,140.3924,138.91390808,139.86391808,52.3443802
1364986800.0,137.39324502,137.39324502,136.94101256,137.38891744,11.99791539
1364986860.0,138.66845298,139.87862524,138.66845298,139.61861524,64.32733257
1364986920.0,139.8734389,140.0734389,138.2535789,140.0734389,14.94
1364986980.0,140,140.06968986,138.19548986,139.59868484,7.3168467
1364987040.0,140,140,140,140,2.29
1364987100.0,139.40280696,139.40280696,139.40280696,139.40280696,13
1364987160.0,138.99851018,138.99851018,138.99851018,138.99851018,10
1364987220.0,138.99238844,138.99238844,138.99237844,138.99237844,6.6773
1364987280.0,139.76445425,139.76445425,139.76445425,139.76445425,7.88908766
1364987400.0,140.02528984,140.14323096,140.02528984,140.14323096,3.3734316
1364987520.0,141.00931866,141.01491355,141.00931866,141.01491355,10
1364987580.0,141.03733694,141.0375018,141.03733694,141.0375018,0.6
1364988360.0,140,140,137.55737898,137.55737898,310
1364988480.0,139.00695567,139.00695567,137.55686567,137.55686567,10
1364988540.0,139.49620418,139.49620418,139.49620418,139.49620418,2.2
1364988780.0,137.83753181,137.83753181,137.57807181,137.57807181,20
1364988840.0,137.66757518,137.66757518,137.66757518,137.66757518,3.0064
1364988900.0,137.56657518,137.56657518,137.56657518,137.56657518,16.9936
1364989440.0,138.98737075,138.98737075,138.98737075,138.98737075,2
1364989680.0,138.94884149,138.94884149,138.94884149,138.94884149,1
1364990100.0,139,139.21047258,139,139.21047258,4
1364990160.0,138.6150768,138.6150768,138.6150768,138.6150768,0.01
1364990280.0,139.28576313,139.28576313,139.28576313,139.28576313,0.03326511
1364990340.0,139.1,139.1,139.1,139.1,4
1364990400.0,139.29978939,139.39916939,139.1,139.39646413,45.96673489
1364990460.0,139.00385587,139.00385587,139.00385587,139.00385587,0.009
1364990940.0,139.20035515,139.20035515,139.20035515,139.20035515,0.298119
1364991300.0,138.97638144,138.97638144,138.97638144,138.97638144,5
1364991480.0,139.20144046,139.20144046,139.20144046,139.20144046,0.07289912
1364991900.0,139.89788073,140.00723073,139.89788073,140.00723073,0.09056285
1364992500.0,141.01135261,141.01135261,141.01135261,141.01135261,0.15
1364992560.0,141.00488405,141.00488405,141.00389855,141.00389855,0.13361364
1364992680.0,141.03004219,141.03004219,141.03004219,141.03004219,0.28358
1364992740.0,141.04420099,141.04420099,141.04420099,141.04420099,0.14179
1364992800.0,141.00943333,141.00943333,141.00943333,141.00943333,0.29101636
1364993220.0,141.82927743,141.82927743,141.82927743,141.82927743,20
1364993700.0,142.04,142.04,142.04,142.04,7
1364993820.0,142.04,142.0444,142.04,142.0444,5
1364994000.0,141.05293,141.05293,141.05293,141.05293,3.99594273
1364995020.0,141.995,141.995,141.995,141.995,0.37627709
1364997120.0,138.05,138.05,138,138,3.2
1364998500.0,135,135,135,135,0.1
1364999100.0,135,135,135,135,0.1
1365000180.0,135,135,135,135,3.6
1365001560.0,137.1,137.5,137.1,137.5,5
1365001620.0,137.5,137.5,137.5,137.5,3
1365002100.0,137.5,137.5,137.5,137.5,0.95636
1365002400.0,137.5,137.5,137.5,137.5,2
1365002520.0,137.5,137.5,137.5,137.5,1
1365002580.0,137.5,137.5,137.5,137.5,3.76964
1365003240.0,137.5,137.5,137.5,137.5,0.00036
1365003480.0,137,138,137,138,2
1365003900.0,130,130,130,130,0.64
1365004260.0,130,130,130,130,1
1365004440.0,133,133.4,133,133.4,4
1365004620.0,130,130,130,130,3
1365004920.0,130,130,130,130,0.5
1365005040.0,130,130,130,130,2.93127558
1365005520.0,132.6,132.6,132.6,132.6,0.06872442
1365005760.0,132.59,132.59,132.59,132.59,1
1365005820.0,132.59,135,132.59,135,6
1365005940.0,135,135,135,135,5
1365006240.0,137,137,137,137,0.86
1365006300.0,136.05,136.05,131.95,131.95,103.76
1365006360.0,132.26,134.14796,131.95,131.95,120
1365006480.0,136.05,136.05,136.05,136.05,34.59
1365006840.0,133,134.19,131.95,133.59,43.32032326
1365006960.0,133.02500171,133.02500171,133.02500171,133.02500171,6.7
1365007020.0,134.14083383,134.97,134.14083383,134.97,10
1365007140.0,134.97,134.97,134.90186954,134.90186954,15
1365007200.0,134.9171626,134.9171626,134.9171626,134.9171626,2.75
1365007260.0,135.0009533,135.0009533,134.99852752,134.99852752,18
1365007320.0,134.99852752,134.99852752,134.99852752,134.99852752,38.36580032
1365007440.0,134.99854447,135.26754447,134.99854447,135.26754447,5
1365007500.0,134.00774386,134.00874386,134.00774386,134.00874386,15
1365007560.0,132.34274386,132.34274386,132.33472125,132.33472125,6.78188912
1365007860.0,133.01748267,133.01748267,133.01748267,133.01748267,1.8
1365007920.0,133.03401742,133.03401742,133.03401742,133.03401742,10
1365008340.0,134.28,134.28,134.28,134.28,10
1365008520.0,134.8,134.82,134.8,134.82,12.8
1365008820.0,135.33,135.33,135.33,135.33,7
1365008880.0,133.93379331,133.93379331,133.93379331,133.93379331,7
1365009000.0,134.00785841,134.00785841,134.00785841,134.00785841,1
1365009120.0,135.33,138.35,135.33,137.00836749,314.30130184
1365009180.0,136.96200749,137.00836749,136.96200749,137.00836749,20
1365009240.0,138.01292335,138.01309131,138.01292335,138.01309131,7.89600658
1365009300.0,136.96506688,138.01406688,136.96506688,137.61520096,0.91
1365009720.0,137.47773229,137.47773229,137.46293229,137.46293229,2.14357703
1365010560.0,139.42,139.42,139.42,139.42,1.9
1365010800.0,138.75077101,139.4,137,139.4,305.868
1365010860.0,139.4,139.5,138.84309206,138.94309206,100
1365010920.0,138.84033418,138.84033418,138.84033418,138.84033418,10
1365010980.0,138.84033418,138.84756112,138.84033418,138.84756112,20
1365011040.0,138.85,139.5,138.85,138.85,102
1365011100.0,138.84,138.85,138.84,138.85,5
1365011160.0,138.82944377,138.82944377,138.82944377,138.82944377,1
1365011220.0,138.84699028,138.94699028,138.84699028,138.94699028,24
1365011280.0,137.98497794,137.98497794,137.58498794,137.58498794,0.79735555
1365011340.0,139.5,139.5,138.80362368,138.80462368,10
1365011400.0,138.60571623,138.79470623,138.60571623,138.79470623,5
1365012300.0,137.6,137.6,137.6,137.6,0.22
1365012420.0,137.6,137.74,137.6,137.74,1.78
1365012540.0,138.02910907,138.02910907,138.02910907,138.02910907,2.575
1365012600.0,138.04305298,138.04305298,138.04305298,138.04305298,5
1365012840.0,138.7,138.7,138.7,138.7,5
1365012960.0,138,138,138,138,5
1365013080.0,137.5009878,137.5009878,137.46,137.46,8
1365013140.0,137.46,137.46,137.46,137.46,3.3
1365013260.0,136.7,136.7,136.7,136.7,1
1365013380.0,135,135.48423714,134.98799107,135.00423714,53.4439981
1365013560.0,134.02008182,134.02008182,134.02008182,134.02008182,10
1365013920.0,135.74,135.74,135.74,135.74,2.8
1365014280.0,135.60764055,135.99977778,135.01633778,135.01633778,4.2938557
1365014340.0,135.99977778,135.99977778,135,135,13.6261443
1365014460.0,135.8,136,135.8,136,17.92
1365014580.0,134.50641976,134.50641976,134.50641976,134.50641976,2.8
1365014880.0,133,133,133,133,4
1365014940.0,133.09091468,133.09091468,132.66991468,132.67334685,20
1365015060.0,132.66403582,132.66403582,130,130.46404582,474.31308742
1365015180.0,132.28819291,132.28819291,130.97093572,132.28605572,10.00423345
1365015300.0,131.75,131.75,131.75,131.75,15
1365015360.0,125.05,125.05,125.05,125.05,15.08308742
1365015420.0,124.79708608,124.79708608,122.93585608,124.66585608,360.48010833
1365015480.0,124.65961608,124.65961608,120,121,188.19989167
1365015540.0,129.96978404,129.96978404,129.96978404,129.96978404,6
1365015600.0,125,127.44,124.96500443,125.08513101,173
1365015660.0,125.08513101,125.08513101,110,125.08513101,24.4
1365015720.0,127.04840823,127.04840823,125.07659177,125.07659177,15
1365015840.0,120.05,120.05,120.05,120.05,5
1365015900.0,132.45,132.45,126.22212,132.45,47.19498165
1365015960.0,132.45,132.45,132.45,132.45,30.41088713
1365016020.0,120.5936,120.5936,120.5936,120.5936,0.27957536
1365016080.0,120.05,120.05,120.05,120.05,36.28042464
1365016140.0,120.05,120.05,120.05,120.05,43.76423345
